Case;VehCat;Year;TrafficScenario;Component;RoadCat;TrafficSit;Gradient;V_weighted;EFA_weighted;AmbientCondPattern;EFA_WTT_weighted;EFA_WTW_weighted
hot_avr_WTT[4.2.2];pass. car;2020;REF D HB42;FC_MJ;MW;URB/MW-Nat./120/Freeflow;0%;115.939933776855;2.40857529640198;ØGermany;;
hot_avr_WTT[4.2.2];pass. car;2020;REF D HB42;FC_MJ;MW;URB/MW-Nat./120/St+Go;0%;17.9176597595215;3.38438749313354;ØGermany;;
hot_avr_WTT[4.2.2];pass. car;2020;REF D HB42;FC_MJ;MW;URB/MW-Nat./130/Freeflow;0%;126.037841796875;2.63680648803711;ØGermany;;
hot_avr_WTT[4.2.2];pass. car;2020;REF D HB42;FC_MJ;MW;URB/MW-Nat./130/St+Go;0%;17.9153118133545;3.38423132896423;ØGermany;;
hot_avr_WTT[4.2.2];pass. car;2020;REF D HB42;FC_MJ;Urban;URB/MW-City/100/Freeflow;0%;96.9336471557617;2.03792476654053;ØGermany;;
hot_avr_WTT[4.2.2];pass. car;2020;REF D HB42;FC_MJ;Urban;URB/MW-City/100/St+Go;0%;17.9206314086914;3.38218832015991;ØGermany;;
hot_avr_WTT[4.2.2];pass. car;2020;REF D HB42;FC_MJ;Urban;URB/Trunk-City/50/Freeflow;0%;49.3581314086914;2.05012655258179;ØGermany;;
hot_avr_WTT[4.2.2];pass. car;2020;REF D HB42;FC_MJ;Urban;URB/Trunk-City/50/St+Go;0%;12.4886159896851;3.91724920272827;ØGermany;;
hot_avr_WTT[4.2.2];pass. car;2020;REF D HB42;FC_MJ;Urban;URB/Trunk-City/60/Freeflow;0%;57.2086524963379;2.04806661605835;ØGermany;;
hot_avr_WTT[4.2.2];pass. car;2020;REF D HB42;FC_MJ;Urban;URB/Trunk-City/60/St+Go;0%;12.4886264801025;3.91709017753601;ØGermany;;
hot_avr_WTT[4.2.2];pass. car;2020;REF D HB42;FC_MJ;Urban;URB/Trunk-City/70/Freeflow;0%;65.8327789306641;1.95447015762329;ØGermany;;
hot_avr_WTT[4.2.2];pass. car;2020;REF D HB42;FC_MJ;Urban;URB/Trunk-City/70/St+Go;0%;14.3996248245239;3.87048172950745;ØGermany;;
hot_avr_WTT[4.2.2];pass. car;2020;REF D HB42;FC_MJ;Rural;URB/Trunk-City/80/Freeflow;0%;74.3850402832031;1.96390783786774;ØGermany;;
hot_avr_WTT[4.2.2];pass. car;2020;REF D HB42;FC_MJ;Rural;URB/Trunk-City/80/St+Go;0%;15.4738435745239;3.66745185852051;ØGermany;;
hot_avr_WTT[4.2.2];pass. car;2020;REF D HB42;FC_MJ;Rural;URB/Trunk-City/90/Freeflow;0%;86.3270492553711;1.96949338912964;ØGermany;;
hot_avr_WTT[4.2.2];pass. car;2020;REF D HB42;FC_MJ;Rural;URB/Trunk-City/90/St+Go;0%;15.4749660491943;3.66556596755981;ØGermany;;
hot_avr_WTT[4.2.2];pass. car;2020;REF D HB42;FC_MJ;Urban;URB/Local/30/Freeflow;0%;30.1593742370605;2.43695950508118;ØGermany;;
hot_avr_WTT[4.2.2];pass. car;2020;REF D HB42;FC_MJ;Urban;URB/Local/30/St+Go;0%;9.62191677093506;4.42374086380005;ØGermany;;
hot_avr_WTT[4.2.2];pass. car;2020;REF D HB42;FC_MJ;Urban;URB/Local/40/Freeflow;0%;38.1120910644531;2.14409518241882;ØGermany;;
hot_avr_WTT[4.2.2];pass. car;2020;REF D HB42;FC_MJ;Urban;URB/Local/40/St+Go;0%;11.8271789550781;3.91319537162781;ØGermany;;
hot_avr_WTT[4.2.2];pass. car;2020;REF D HB42;CO2e;MW;URB/MW-Nat./120/Freeflow;0%;115.939933776855;202.970840454102;ØGermany;36.6706848144531;202.970840454102
hot_avr_WTT[4.2.2];pass. car;2020;REF D HB42;CO2e;MW;URB/MW-Nat./120/St+Go;0%;17.9176597595215;286.451141357422;ØGermany;51.442684173584;286.451141357422
hot_avr_WTT[4.2.2];pass. car;2020;REF D HB42;CO2e;MW;URB/MW-Nat./130/Freeflow;0%;126.037841796875;222.158355712891;ØGermany;40.1474494934082;222.158355712891
hot_avr_WTT[4.2.2];pass. car;2020;REF D HB42;CO2e;MW;URB/MW-Nat./130/St+Go;0%;17.9153118133545;286.438293457031;ØGermany;51.4403266906738;286.438293457031
hot_avr_WTT[4.2.2];pass. car;2020;REF D HB42;CO2e;Urban;URB/MW-City/100/Freeflow;0%;96.9336471557617;171.884216308594;ØGermany;31.1306800842285;171.884216308594
hot_avr_WTT[4.2.2];pass. car;2020;REF D HB42;CO2e;Urban;URB/MW-City/100/St+Go;0%;17.9206314086914;286.309387207031;ØGermany;51.543342590332;286.309387207031
hot_avr_WTT[4.2.2];pass. car;2020;REF D HB42;CO2e;Urban;URB/Trunk-City/50/Freeflow;0%;49.3581314086914;173.523910522461;ØGermany;31.262601852417;173.523910522461
hot_avr_WTT[4.2.2];pass. car;2020;REF D HB42;CO2e;Urban;URB/Trunk-City/50/St+Go;0%;12.4886159896851;331.284301757813;ØGermany;59.6799278259277;331.284301757813
hot_avr_WTT[4.2.2];pass. car;2020;REF D HB42;CO2e;Urban;URB/Trunk-City/60/Freeflow;0%;57.2086524963379;173.376983642578;ØGermany;31.2365112304688;173.376983642578
hot_avr_WTT[4.2.2];pass. car;2020;REF D HB42;CO2e;Urban;URB/Trunk-City/60/St+Go;0%;12.4886264801025;331.27099609375;ØGermany;59.6775398254395;331.27099609375
hot_avr_WTT[4.2.2];pass. car;2020;REF D HB42;CO2e;Urban;URB/Trunk-City/70/Freeflow;0%;65.8327789306641;165.506546020508;ØGermany;29.8213787078857;165.506546020508
hot_avr_WTT[4.2.2];pass. car;2020;REF D HB42;CO2e;Urban;URB/Trunk-City/70/St+Go;0%;14.3996248245239;327.315979003906;ØGermany;58.963695526123;327.315979003906
hot_avr_WTT[4.2.2];pass. car;2020;REF D HB42;CO2e;Rural;URB/Trunk-City/80/Freeflow;0%;74.3850402832031;166.284072875977;ØGermany;29.9532642364502;166.284072875977
hot_avr_WTT[4.2.2];pass. car;2020;REF D HB42;CO2e;Rural;URB/Trunk-City/80/St+Go;0%;15.4738435745239;310.290985107422;ØGermany;55.8550224304199;310.290985107422
hot_avr_WTT[4.2.2];pass. car;2020;REF D HB42;CO2e;Rural;URB/Trunk-City/90/Freeflow;0%;86.3270492553711;166.125549316406;ØGermany;30.0504856109619;166.125549316406
hot_avr_WTT[4.2.2];pass. car;2020;REF D HB42;CO2e;Rural;URB/Trunk-City/90/St+Go;0%;15.4749660491943;310.132934570313;ØGermany;55.8266448974609;310.132934570313
hot_avr_WTT[4.2.2];pass. car;2020;REF D HB42;CO2e;Urban;URB/Local/30/Freeflow;0%;30.1593742370605;207.082763671875;ØGermany;37.1006088256836;207.082763671875
hot_avr_WTT[4.2.2];pass. car;2020;REF D HB42;CO2e;Urban;URB/Local/30/St+Go;0%;9.62191677093506;373.926544189453;ØGermany;67.3853378295898;373.926544189453
hot_avr_WTT[4.2.2];pass. car;2020;REF D HB42;CO2e;Urban;URB/Local/40/Freeflow;0%;38.1120910644531;182.365356445313;ØGermany;32.6715126037598;182.365356445313
hot_avr_WTT[4.2.2];pass. car;2020;REF D HB42;CO2e;Urban;URB/Local/40/St+Go;0%;11.8271789550781;330.993347167969;ØGermany;59.6135139465332;330.993347167969
hot_avr_WTT[4.2.2];LCV;2020;REF D HB42;FC_MJ;MW;URB/MW-Nat./120/Freeflow;0%;115.933570861816;4.11289882659912;ØGermany;;
hot_avr_WTT[4.2.2];LCV;2020;REF D HB42;FC_MJ;MW;URB/MW-Nat./120/St+Go;0%;17.9234027862549;4.19259023666382;ØGermany;;
hot_avr_WTT[4.2.2];LCV;2020;REF D HB42;FC_MJ;MW;URB/MW-Nat./130/Freeflow;0%;125.998153686523;4.65693664550781;ØGermany;;
hot_avr_WTT[4.2.2];LCV;2020;REF D HB42;FC_MJ;MW;URB/MW-Nat./130/St+Go;0%;17.9180278778076;4.19358777999878;ØGermany;;
hot_avr_WTT[4.2.2];LCV;2020;REF D HB42;FC_MJ;Urban;URB/MW-City/100/Freeflow;0%;96.9333648681641;3.2322473526001;ØGermany;;
hot_avr_WTT[4.2.2];LCV;2020;REF D HB42;FC_MJ;Urban;URB/MW-City/100/St+Go;0%;17.9299468994141;4.19182682037354;ØGermany;;
hot_avr_WTT[4.2.2];LCV;2020;REF D HB42;FC_MJ;Urban;URB/Trunk-City/50/Freeflow;0%;49.3581237792969;2.73370718955994;ØGermany;;
hot_avr_WTT[4.2.2];LCV;2020;REF D HB42;FC_MJ;Urban;URB/Trunk-City/50/St+Go;0%;12.4883232116699;4.51063537597656;ØGermany;;
hot_avr_WTT[4.2.2];LCV;2020;REF D HB42;FC_MJ;Urban;URB/Trunk-City/60/Freeflow;0%;57.1676788330078;2.82512664794922;ØGermany;;
hot_avr_WTT[4.2.2];LCV;2020;REF D HB42;FC_MJ;Urban;URB/Trunk-City/60/St+Go;0%;12.4883794784546;4.51046371459961;ØGermany;;
hot_avr_WTT[4.2.2];LCV;2020;REF D HB42;FC_MJ;Urban;URB/Trunk-City/70/Freeflow;0%;65.8186798095703;2.7986536026001;ØGermany;;
hot_avr_WTT[4.2.2];LCV;2020;REF D HB42;FC_MJ;Urban;URB/Trunk-City/70/St+Go;0%;14.3968229293823;4.69760417938232;ØGermany;;
hot_avr_WTT[4.2.2];LCV;2020;REF D HB42;FC_MJ;Rural;URB/Trunk-City/80/Freeflow;0%;74.3812866210938;2.88130974769592;ØGermany;;
hot_avr_WTT[4.2.2];LCV;2020;REF D HB42;FC_MJ;Rural;URB/Trunk-City/80/St+Go;0%;15.4780807495117;4.54453802108765;ØGermany;;
hot_avr_WTT[4.2.2];LCV;2020;REF D HB42;FC_MJ;Rural;URB/Trunk-City/90/Freeflow;0%;86.3270111083984;3.01641893386841;ØGermany;;
hot_avr_WTT[4.2.2];LCV;2020;REF D HB42;FC_MJ;Rural;URB/Trunk-City/90/St+Go;0%;15.4743194580078;4.54392433166504;ØGermany;;
hot_avr_WTT[4.2.2];LCV;2020;REF D HB42;FC_MJ;Urban;URB/Local/30/Freeflow;0%;30.1593742370605;2.60510396957397;ØGermany;;
hot_avr_WTT[4.2.2];LCV;2020;REF D HB42;FC_MJ;Urban;URB/Local/30/St+Go;0%;9.62191581726074;4.82771301269531;ØGermany;;
hot_avr_WTT[4.2.2];LCV;2020;REF D HB42;FC_MJ;Urban;URB/Local/40/Freeflow;0%;38.1118545532227;2.58907461166382;ØGermany;;
hot_avr_WTT[4.2.2];LCV;2020;REF D HB42;FC_MJ;Urban;URB/Local/40/St+Go;0%;11.8271398544312;4.35985660552979;ØGermany;;
hot_avr_WTT[4.2.2];LCV;2020;REF D HB42;CO2e;MW;URB/MW-Nat./120/Freeflow;0%;115.933570861816;343.495208740234;ØGermany;63.296272277832;343.495208740234
hot_avr_WTT[4.2.2];LCV;2020;REF D HB42;CO2e;MW;URB/MW-Nat./120/St+Go;0%;17.9234027862549;352.526947021484;ØGermany;64.3550109863281;352.526947021484
hot_avr_WTT[4.2.2];LCV;2020;REF D HB42;CO2e;MW;URB/MW-Nat./130/Freeflow;0%;125.998153686523;388.704071044922;ØGermany;71.676383972168;388.704071044922
hot_avr_WTT[4.2.2];LCV;2020;REF D HB42;CO2e;MW;URB/MW-Nat./130/St+Go;0%;17.9180278778076;352.609649658203;ØGermany;64.3701705932617;352.609649658203
hot_avr_WTT[4.2.2];LCV;2020;REF D HB42;CO2e;Urban;URB/MW-City/100/Freeflow;0%;96.9333648681641;270.292907714844;ØGermany;49.7389793395996;270.292907714844
hot_avr_WTT[4.2.2];LCV;2020;REF D HB42;CO2e;Urban;URB/MW-City/100/St+Go;0%;17.9299468994141;352.463287353516;ØGermany;64.3433456420898;352.463287353516
hot_avr_WTT[4.2.2];LCV;2020;REF D HB42;CO2e;Urban;URB/Trunk-City/50/Freeflow;0%;49.3581237792969;230.090667724609;ØGermany;41.9782257080078;230.090667724609
hot_avr_WTT[4.2.2];LCV;2020;REF D HB42;CO2e;Urban;URB/Trunk-City/50/St+Go;0%;12.4883232116699;378.961090087891;ØGermany;69.2053756713867;378.961090087891
hot_avr_WTT[4.2.2];LCV;2020;REF D HB42;CO2e;Urban;URB/Trunk-City/60/Freeflow;0%;57.1676788330078;237.698669433594;ØGermany;43.4068756103516;237.698669433594
hot_avr_WTT[4.2.2];LCV;2020;REF D HB42;CO2e;Urban;URB/Trunk-City/60/St+Go;0%;12.4883794784546;378.946868896484;ØGermany;69.202766418457;378.946868896484
hot_avr_WTT[4.2.2];LCV;2020;REF D HB42;CO2e;Urban;URB/Trunk-City/70/Freeflow;0%;65.8186798095703;235.496231079102;ØGermany;43.0133934020996;235.496231079102
hot_avr_WTT[4.2.2];LCV;2020;REF D HB42;CO2e;Urban;URB/Trunk-City/70/St+Go;0%;14.3968229293823;394.488067626953;ØGermany;72.0547485351563;394.488067626953
hot_avr_WTT[4.2.2];LCV;2020;REF D HB42;CO2e;Rural;URB/Trunk-City/80/Freeflow;0%;74.3812866210938;242.373962402344;ØGermany;44.2979888916016;242.373962402344
hot_avr_WTT[4.2.2];LCV;2020;REF D HB42;CO2e;Rural;URB/Trunk-City/80/St+Go;0%;15.4780807495117;381.777313232422;ØGermany;69.7652587890625;381.777313232422
hot_avr_WTT[4.2.2];LCV;2020;REF D HB42;CO2e;Rural;URB/Trunk-City/90/Freeflow;0%;86.3270111083984;252.343704223633;ØGermany;46.3989601135254;252.343704223633
hot_avr_WTT[4.2.2];LCV;2020;REF D HB42;CO2e;Rural;URB/Trunk-City/90/St+Go;0%;15.4743194580078;381.726623535156;ØGermany;69.7560119628906;381.726623535156
hot_avr_WTT[4.2.2];LCV;2020;REF D HB42;CO2e;Urban;URB/Local/30/Freeflow;0%;30.1593742370605;220.563171386719;ØGermany;39.974006652832;220.563171386719
hot_avr_WTT[4.2.2];LCV;2020;REF D HB42;CO2e;Urban;URB/Local/30/St+Go;0%;9.62191581726074;405.335083007813;ØGermany;74.0879974365234;405.335083007813
hot_avr_WTT[4.2.2];LCV;2020;REF D HB42;CO2e;Urban;URB/Local/40/Freeflow;0%;38.1118545532227;219.215118408203;ØGermany;39.7234573364258;219.215118408203
hot_avr_WTT[4.2.2];LCV;2020;REF D HB42;CO2e;Urban;URB/Local/40/St+Go;0%;11.8271398544312;366.441284179688;ØGermany;66.9091033935547;366.441284179688
hot_avr_WTT[4.2.2];urban bus;2020;REF D HB42;FC_MJ;MW;URB/MW-Nat./120/Freeflow;0%;81.4265594482422;9.14000225067139;;;
hot_avr_WTT[4.2.2];urban bus;2020;REF D HB42;FC_MJ;MW;URB/MW-Nat./120/St+Go;0%;17.4626007080078;21.3553409576416;;;
hot_avr_WTT[4.2.2];urban bus;2020;REF D HB42;FC_MJ;MW;URB/MW-Nat./130/Freeflow;0%;81.4265594482422;9.14000225067139;;;
hot_avr_WTT[4.2.2];urban bus;2020;REF D HB42;FC_MJ;MW;URB/MW-Nat./130/St+Go;0%;17.4626007080078;21.3553409576416;;;
hot_avr_WTT[4.2.2];urban bus;2020;REF D HB42;FC_MJ;Urban;URB/MW-City/100/Freeflow;0%;81.4265594482422;9.14000225067139;;;
hot_avr_WTT[4.2.2];urban bus;2020;REF D HB42;FC_MJ;Urban;URB/MW-City/100/St+Go;0%;17.4626007080078;21.3553409576416;;;
hot_avr_WTT[4.2.2];urban bus;2020;REF D HB42;FC_MJ;Urban;URB/Trunk-City/50/Freeflow;0%;37.2578926086426;8.57966041564941;;;
hot_avr_WTT[4.2.2];urban bus;2020;REF D HB42;FC_MJ;Urban;URB/Trunk-City/50/St+Go;0%;12.2624807357788;23.3272151947021;;;
hot_avr_WTT[4.2.2];urban bus;2020;REF D HB42;FC_MJ;Urban;URB/Trunk-City/60/Freeflow;0%;40.4847831726074;9.95487689971924;;;
hot_avr_WTT[4.2.2];urban bus;2020;REF D HB42;FC_MJ;Urban;URB/Trunk-City/60/St+Go;0%;12.2588520050049;23.3423500061035;;;
hot_avr_WTT[4.2.2];urban bus;2020;REF D HB42;FC_MJ;Urban;URB/Trunk-City/70/Freeflow;0%;53.376392364502;9.90427494049072;;;
hot_avr_WTT[4.2.2];urban bus;2020;REF D HB42;FC_MJ;Urban;URB/Trunk-City/70/St+Go;0%;13.9574632644653;24.2563438415527;;;
hot_avr_WTT[4.2.2];urban bus;2020;REF D HB42;FC_MJ;Rural;URB/Trunk-City/80/Freeflow;0%;58.4192581176758;11.4091806411743;;;
hot_avr_WTT[4.2.2];urban bus;2020;REF D HB42;FC_MJ;Rural;URB/Trunk-City/80/St+Go;0%;14.9010925292969;22.5025215148926;;;
hot_avr_WTT[4.2.2];urban bus;2020;REF D HB42;FC_MJ;Rural;URB/Trunk-City/90/Freeflow;0%;58.4192581176758;11.4091806411743;;;
hot_avr_WTT[4.2.2];urban bus;2020;REF D HB42;FC_MJ;Rural;URB/Trunk-City/90/St+Go;0%;14.9010925292969;22.5025215148926;;;
hot_avr_WTT[4.2.2];urban bus;2020;REF D HB42;FC_MJ;Urban;URB/Local/30/Freeflow;0%;26.7850437164307;9.57986736297607;;;
hot_avr_WTT[4.2.2];urban bus;2020;REF D HB42;FC_MJ;Urban;URB/Local/30/St+Go;0%;9.45668506622314;23.4845123291016;;;
hot_avr_WTT[4.2.2];urban bus;2020;REF D HB42;FC_MJ;Urban;URB/Local/40/Freeflow;0%;33.1996917724609;10.0736999511719;;;
hot_avr_WTT[4.2.2];urban bus;2020;REF D HB42;FC_MJ;Urban;URB/Local/40/St+Go;0%;11.6623086929321;21.6172466278076;;;
hot_avr_WTT[4.2.2];urban bus;2020;REF D HB42;CO2e;MW;URB/MW-Nat./120/Freeflow;0%;81.4265594482422;763.786376953125;;143.202560424805;763.786376953125
hot_avr_WTT[4.2.2];urban bus;2020;REF D HB42;CO2e;MW;URB/MW-Nat./120/St+Go;0%;17.4626007080078;1773.41918945313;;334.387390136719;1773.41918945313
hot_avr_WTT[4.2.2];urban bus;2020;REF D HB42;CO2e;MW;URB/MW-Nat./130/Freeflow;0%;81.4265594482422;763.786376953125;;143.202560424805;763.786376953125
hot_avr_WTT[4.2.2];urban bus;2020;REF D HB42;CO2e;MW;URB/MW-Nat./130/St+Go;0%;17.4626007080078;1773.41918945313;;334.387390136719;1773.41918945313
hot_avr_WTT[4.2.2];urban bus;2020;REF D HB42;CO2e;Urban;URB/MW-City/100/Freeflow;0%;81.4265594482422;763.786376953125;;143.202560424805;763.786376953125
hot_avr_WTT[4.2.2];urban bus;2020;REF D HB42;CO2e;Urban;URB/MW-City/100/St+Go;0%;17.4626007080078;1773.41918945313;;334.387390136719;1773.41918945313
hot_avr_WTT[4.2.2];urban bus;2020;REF D HB42;CO2e;Urban;URB/Trunk-City/50/Freeflow;0%;37.2578926086426;720.309997558594;;135.067138671875;720.309997558594
hot_avr_WTT[4.2.2];urban bus;2020;REF D HB42;CO2e;Urban;URB/Trunk-City/50/St+Go;0%;12.2624807357788;1936.38220214844;;365.351104736328;1936.38220214844
hot_avr_WTT[4.2.2];urban bus;2020;REF D HB42;CO2e;Urban;URB/Trunk-City/60/Freeflow;0%;40.4847831726074;833.75537109375;;156.290390014648;833.75537109375
hot_avr_WTT[4.2.2];urban bus;2020;REF D HB42;CO2e;Urban;URB/Trunk-City/60/St+Go;0%;12.2588520050049;1937.62609863281;;365.580078125;1937.62609863281
hot_avr_WTT[4.2.2];urban bus;2020;REF D HB42;CO2e;Urban;URB/Trunk-City/70/Freeflow;0%;53.376392364502;829.484497070313;;155.247406005859;829.484497070313
hot_avr_WTT[4.2.2];urban bus;2020;REF D HB42;CO2e;Urban;URB/Trunk-City/70/St+Go;0%;13.9574632644653;2013.05444335938;;379.767639160156;2013.05444335938
hot_avr_WTT[4.2.2];urban bus;2020;REF D HB42;CO2e;Rural;URB/Trunk-City/80/Freeflow;0%;58.4192581176758;953.721313476563;;178.669769287109;953.721313476563
hot_avr_WTT[4.2.2];urban bus;2020;REF D HB42;CO2e;Rural;URB/Trunk-City/80/St+Go;0%;14.9010925292969;1868.26428222656;;352.504364013672;1868.26428222656
hot_avr_WTT[4.2.2];urban bus;2020;REF D HB42;CO2e;Rural;URB/Trunk-City/90/Freeflow;0%;58.4192581176758;951.278198242188;;178.669769287109;951.278198242188
hot_avr_WTT[4.2.2];urban bus;2020;REF D HB42;CO2e;Rural;URB/Trunk-City/90/St+Go;0%;14.9010925292969;1868.26428222656;;352.504364013672;1868.26428222656
hot_avr_WTT[4.2.2];urban bus;2020;REF D HB42;CO2e;Urban;URB/Local/30/Freeflow;0%;26.7850437164307;801.17724609375;;150.720077514648;801.17724609375
hot_avr_WTT[4.2.2];urban bus;2020;REF D HB42;CO2e;Urban;URB/Local/30/St+Go;0%;9.45668506622314;1949.86096191406;;368.792144775391;1949.86096191406
hot_avr_WTT[4.2.2];urban bus;2020;REF D HB42;CO2e;Urban;URB/Local/40/Freeflow;0%;33.1996917724609;841.916687011719;;158.240341186523;841.916687011719
hot_avr_WTT[4.2.2];urban bus;2020;REF D HB42;CO2e;Urban;URB/Local/40/St+Go;0%;11.6623086929321;1795.32580566406;;338.974456787109;1795.32580566406
hot_avr_WTT[4.2.2];motorcycle;2020;REF D HB42;FC_MJ;MW;URB/MW-Nat./120/Freeflow;0%;115.939933776855;0.4053801249652507;;;
hot_avr_WTT[4.2.2];motorcycle;2020;REF D HB42;FC_MJ;MW;URB/MW-Nat./120/St+Go;0%;17.9176597595215;0.47973551493228306;;;
hot_avr_WTT[4.2.2];motorcycle;2020;REF D HB42;FC_MJ;MW;URB/MW-Nat./130/Freeflow;0%;126.037841796875;0.40538011960675413;;;
hot_avr_WTT[4.2.2];motorcycle;2020;REF D HB42;FC_MJ;MW;URB/MW-Nat./130/St+Go;0%;17.9153118133545;0.4327715285621617;;;
hot_avr_WTT[4.2.2];motorcycle;2020;REF D HB42;FC_MJ;Urban;URB/MW-City/100/Freeflow;0%;96.9336471557617;0.4053801026238444;;;
hot_avr_WTT[4.2.2];motorcycle;2020;REF D HB42;FC_MJ;Urban;URB/MW-City/100/St+Go;0%;17.9206314086914;0.5784816710246483;;;
hot_avr_WTT[4.2.2];motorcycle;2020;REF D HB42;FC_MJ;Urban;URB/Trunk-City/50/Freeflow;0%;49.3581314086914;0.330922526860099;;;
hot_avr_WTT[4.2.2];motorcycle;2020;REF D HB42;FC_MJ;Urban;URB/Trunk-City/50/St+Go;0%;12.4886159896851;0.6366594506809791;;;
hot_avr_WTT[4.2.2];motorcycle;2020;REF D HB42;FC_MJ;Urban;URB/Trunk-City/60/Freeflow;0%;57.2086524963379;0.3309225310410557;;;
hot_avr_WTT[4.2.2];motorcycle;2020;REF D HB42;FC_MJ;Urban;URB/Trunk-City/60/St+Go;0%;12.4886264801025;0.6312713235088367;;;
hot_avr_WTT[4.2.2];motorcycle;2020;REF D HB42;FC_MJ;Urban;URB/Trunk-City/70/Freeflow;0%;65.8327789306641;0.33092254204618526;;;
hot_avr_WTT[4.2.2];motorcycle;2020;REF D HB42;FC_MJ;Urban;URB/Trunk-City/70/St+Go;0%;14.3996248245239;0.610344347663497;;;
hot_avr_WTT[4.2.2];motorcycle;2020;REF D HB42;FC_MJ;Rural;URB/Trunk-City/80/Freeflow;0%;74.3850402832031;0.330922546316194;;;
hot_avr_WTT[4.2.2];motorcycle;2020;REF D HB42;FC_MJ;Rural;URB/Trunk-City/80/St+Go;0%;15.4738435745239;0.5742763950309807;;;
hot_avr_WTT[4.2.2];motorcycle;2020;REF D HB42;FC_MJ;Rural;URB/Trunk-City/90/Freeflow;0%;86.3270492553711;0.33092254932891096;;;
hot_avr_WTT[4.2.2];motorcycle;2020;REF D HB42;FC_MJ;Rural;URB/Trunk-City/90/St+Go;0%;15.4749660491943;0.5509526499182654;;;
hot_avr_WTT[4.2.2];motorcycle;2020;REF D HB42;FC_MJ;Urban;URB/Local/30/Freeflow;0%;30.1593742370605;0.41365316911805244;;;
hot_avr_WTT[4.2.2];motorcycle;2020;REF D HB42;FC_MJ;Urban;URB/Local/30/St+Go;0%;9.62191677093506;0.7867795535486951;;;
hot_avr_WTT[4.2.2];motorcycle;2020;REF D HB42;FC_MJ;Urban;URB/Local/40/Freeflow;0%;38.1120910644531;0.41365319756757535;;;
hot_avr_WTT[4.2.2];motorcycle;2020;REF D HB42;FC_MJ;Urban;URB/Local/40/St+Go;0%;11.8271789550781;0.7896341650652899;;;
hot_avr_WTT[4.2.2];motorcycle;2020;REF D HB42;CO2e;MW;URB/MW-Nat./120/Freeflow;0%;115.939933776855;49.0;;;
hot_avr_WTT[4.2.2];motorcycle;2020;REF D HB42;CO2e;MW;URB/MW-Nat./120/St+Go;0%;17.9176597595215;57.987649337681205;;;
hot_avr_WTT[4.2.2];motorcycle;2020;REF D HB42;CO2e;MW;URB/MW-Nat./130/Freeflow;0%;126.037841796875;49.0;;;
hot_avr_WTT[4.2.2];motorcycle;2020;REF D HB42;CO2e;MW;URB/MW-Nat./130/St+Go;0%;17.9153118133545;52.31091480775769;;;
hot_avr_WTT[4.2.2];motorcycle;2020;REF D HB42;CO2e;Urban;URB/MW-City/100/Freeflow;0%;96.9336471557617;49.0;;;
hot_avr_WTT[4.2.2];motorcycle;2020;REF D HB42;CO2e;Urban;URB/MW-City/100/St+Go;0%;17.9206314086914;69.92351316507106;;;
hot_avr_WTT[4.2.2];motorcycle;2020;REF D HB42;CO2e;Urban;URB/Trunk-City/50/Freeflow;0%;49.3581314086914;40.0;;;
hot_avr_WTT[4.2.2];motorcycle;2020;REF D HB42;CO2e;Urban;URB/Trunk-City/50/St+Go;0%;12.4886159896851;76.95570620168284;;;
hot_avr_WTT[4.2.2];motorcycle;2020;REF D HB42;CO2e;Urban;URB/Trunk-City/60/Freeflow;0%;57.2086524963379;40.0;;;
hot_avr_WTT[4.2.2];motorcycle;2020;REF D HB42;CO2e;Urban;URB/Trunk-City/60/St+Go;0%;12.4886264801025;76.30442391953902;;;
hot_avr_WTT[4.2.2];motorcycle;2020;REF D HB42;CO2e;Urban;URB/Trunk-City/70/Freeflow;0%;65.8327789306641;40.0;;;
hot_avr_WTT[4.2.2];motorcycle;2020;REF D HB42;CO2e;Urban;URB/Trunk-City/70/St+Go;0%;14.3996248245239;73.77488656242846;;;
hot_avr_WTT[4.2.2];motorcycle;2020;REF D HB42;CO2e;Rural;URB/Trunk-City/80/Freeflow;0%;74.3850402832031;40.0;;;
hot_avr_WTT[4.2.2];motorcycle;2020;REF D HB42;CO2e;Rural;URB/Trunk-City/80/St+Go;0%;15.4738435745239;69.41520531588057;;;
hot_avr_WTT[4.2.2];motorcycle;2020;REF D HB42;CO2e;Rural;URB/Trunk-City/90/Freeflow;0%;86.3270492553711;40.0;;;
hot_avr_WTT[4.2.2];motorcycle;2020;REF D HB42;CO2e;Rural;URB/Trunk-City/90/St+Go;0%;15.4749660491943;66.59596395831439;;;
hot_avr_WTT[4.2.2];motorcycle;2020;REF D HB42;CO2e;Urban;URB/Local/30/Freeflow;0%;30.1593742370605;50.0;;;
hot_avr_WTT[4.2.2];motorcycle;2020;REF D HB42;CO2e;Urban;URB/Local/30/St+Go;0%;9.62191677093506;95.10135461891615;;;
hot_avr_WTT[4.2.2];motorcycle;2020;REF D HB42;CO2e;Urban;URB/Local/40/Freeflow;0%;38.1120910644531;50.0;;;
hot_avr_WTT[4.2.2];motorcycle;2020;REF D HB42;CO2e;Urban;URB/Local/40/St+Go;0%;11.8271789550781;95.44639814390735;;;
hot_avr_WTT[4.2.2];HGV;2020;REF D HB42;FC_MJ;MW;URB/MW-Nat./120/Freeflow;0%;81.8986740112305;8.94231224060059;;;
hot_avr_WTT[4.2.2];HGV;2020;REF D HB42;FC_MJ;MW;URB/MW-Nat./120/St+Go;0%;17.5536289215088;21.5768566131592;;;
hot_avr_WTT[4.2.2];HGV;2020;REF D HB42;FC_MJ;MW;URB/MW-Nat./130/Freeflow;0%;81.8986740112305;8.94231224060059;;;
hot_avr_WTT[4.2.2];HGV;2020;REF D HB42;FC_MJ;MW;URB/MW-Nat./130/St+Go;0%;17.5536289215088;21.5768566131592;;;
hot_avr_WTT[4.2.2];HGV;2020;REF D HB42;FC_MJ;Urban;URB/MW-City/100/Freeflow;0%;81.9277114868164;7.93734407424927;;;
hot_avr_WTT[4.2.2];HGV;2020;REF D HB42;FC_MJ;Urban;URB/MW-City/100/St+Go;0%;17.6086177825928;17.3310317993164;;;
hot_avr_WTT[4.2.2];HGV;2020;REF D HB42;FC_MJ;Urban;URB/Trunk-City/50/Freeflow;0%;46.3457374572754;7.9373664855957;;;
hot_avr_WTT[4.2.2];HGV;2020;REF D HB42;FC_MJ;Urban;URB/Trunk-City/50/St+Go;0%;12.31422996521;17.9735488891602;;;
hot_avr_WTT[4.2.2];HGV;2020;REF D HB42;FC_MJ;Urban;URB/Trunk-City/60/Freeflow;0%;53.9348526000977;6.8199782371521;;;
hot_avr_WTT[4.2.2];HGV;2020;REF D HB42;FC_MJ;Urban;URB/Trunk-City/60/St+Go;0%;12.3210983276367;17.9740505218506;;;
hot_avr_WTT[4.2.2];HGV;2020;REF D HB42;FC_MJ;Urban;URB/Trunk-City/70/Freeflow;0%;59.7515106201172;7.64974164962769;;;
hot_avr_WTT[4.2.2];HGV;2020;REF D HB42;FC_MJ;Urban;URB/Trunk-City/70/St+Go;0%;14.0610857009888;19.2516250610352;;;
hot_avr_WTT[4.2.2];HGV;2020;REF D HB42;FC_MJ;Rural;URB/Trunk-City/80/Freeflow;0%;71.5914077758789;7.33734846115112;;;
hot_avr_WTT[4.2.2];HGV;2020;REF D HB42;FC_MJ;Rural;URB/Trunk-City/80/St+Go;0%;14.9683599472046;19.6545944213867;;;
hot_avr_WTT[4.2.2];HGV;2020;REF D HB42;FC_MJ;Rural;URB/Trunk-City/90/Freeflow;0%;80.9859161376953;7.95332860946655;;;
hot_avr_WTT[4.2.2];HGV;2020;REF D HB42;FC_MJ;Rural;URB/Trunk-City/90/St+Go;0%;14.9591999053955;19.6677932739258;;;
hot_avr_WTT[4.2.2];HGV;2020;REF D HB42;FC_MJ;Urban;URB/Local/30/Freeflow;0%;26.7924957275391;7.38193416595459;;;
hot_avr_WTT[4.2.2];HGV;2020;REF D HB42;FC_MJ;Urban;URB/Local/30/St+Go;0%;9.48138332366943;17.4104270935059;;;
hot_avr_WTT[4.2.2];HGV;2020;REF D HB42;FC_MJ;Urban;URB/Local/40/Freeflow;0%;33.2166900634766;8.08981418609619;;;
hot_avr_WTT[4.2.2];HGV;2020;REF D HB42;FC_MJ;Urban;URB/Local/40/St+Go;0%;11.6876916885376;16.461784362793;;;
hot_avr_WTT[4.2.2];HGV;2020;REF D HB42;CO2e;MW;URB/MW-Nat./120/Freeflow;0%;81.8986740112305;754.611450195313;;136.203353881836;754.611450195313
hot_avr_WTT[4.2.2];HGV;2020;REF D HB42;CO2e;MW;URB/MW-Nat./120/St+Go;0%;17.5536289215088;1805.18286132813;;328.354400634766;1805.18286132813
hot_avr_WTT[4.2.2];HGV;2020;REF D HB42;CO2e;MW;URB/MW-Nat./130/Freeflow;0%;81.8986740112305;754.611450195313;;136.203353881836;754.611450195313
hot_avr_WTT[4.2.2];HGV;2020;REF D HB42;CO2e;MW;URB/MW-Nat./130/St+Go;0%;17.5536289215088;1805.18286132813;;328.354400634766;1805.18286132813
hot_avr_WTT[4.2.2];HGV;2020;REF D HB42;CO2e;Urban;URB/MW-City/100/Freeflow;0%;81.9277114868164;668.808288574219;;121.430526733398;668.808288574219
hot_avr_WTT[4.2.2];HGV;2020;REF D HB42;CO2e;Urban;URB/MW-City/100/St+Go;0%;17.6086177825928;1450.16577148438;;264.295654296875;1450.16577148438
hot_avr_WTT[4.2.2];HGV;2020;REF D HB42;CO2e;Urban;URB/Trunk-City/50/Freeflow;0%;46.3457374572754;671.633911132813;;121.225067138672;671.633911132813
hot_avr_WTT[4.2.2];HGV;2020;REF D HB42;CO2e;Urban;URB/Trunk-City/50/St+Go;0%;12.31422996521;1503.47534179688;;273.973785400391;1503.47534179688
hot_avr_WTT[4.2.2];HGV;2020;REF D HB42;CO2e;Urban;URB/Trunk-City/60/Freeflow;0%;53.9348526000977;578.914001464844;;104.237174987793;578.914001464844
hot_avr_WTT[4.2.2];HGV;2020;REF D HB42;CO2e;Urban;URB/Trunk-City/60/St+Go;0%;12.3210983276367;1503.51647949219;;273.981353759766;1503.51647949219
hot_avr_WTT[4.2.2];HGV;2020;REF D HB42;CO2e;Urban;URB/Trunk-City/70/Freeflow;0%;59.7515106201172;647.798461914063;;116.927307128906;647.798461914063
hot_avr_WTT[4.2.2];HGV;2020;REF D HB42;CO2e;Urban;URB/Trunk-City/70/St+Go;0%;14.0610857009888;1609.560546875;;293.488159179688;1609.560546875
hot_avr_WTT[4.2.2];HGV;2020;REF D HB42;CO2e;Rural;URB/Trunk-City/80/Freeflow;0%;71.5914077758789;623.416870117188;;111.992004394531;623.416870117188
hot_avr_WTT[4.2.2];HGV;2020;REF D HB42;CO2e;Rural;URB/Trunk-City/80/St+Go;0%;14.9683599472046;1643.99096679688;;299.390655517578;1643.99096679688
hot_avr_WTT[4.2.2];HGV;2020;REF D HB42;CO2e;Rural;URB/Trunk-City/90/Freeflow;0%;80.9859161376953;671.154052734375;;121.423782348633;671.154052734375
hot_avr_WTT[4.2.2];HGV;2020;REF D HB42;CO2e;Rural;URB/Trunk-City/90/St+Go;0%;14.9591999053955;1645.083984375;;299.591217041016;1645.083984375
hot_avr_WTT[4.2.2];HGV;2020;REF D HB42;CO2e;Urban;URB/Local/30/Freeflow;0%;26.7924957275391;624.400024414063;;112.636993408203;624.400024414063
hot_avr_WTT[4.2.2];HGV;2020;REF D HB42;CO2e;Urban;URB/Local/30/St+Go;0%;9.48138332366943;1456.78576660156;;265.380523681641;1456.78576660156
hot_avr_WTT[4.2.2];HGV;2020;REF D HB42;CO2e;Urban;URB/Local/40/Freeflow;0%;33.2166900634766;683.141296386719;;123.452095031738;683.141296386719
hot_avr_WTT[4.2.2];HGV;2020;REF D HB42;CO2e;Urban;URB/Local/40/St+Go;0%;11.6876916885376;1378.01525878906;;250.931777954102;1378.01525878906
